---
title: "Database: 트랜잭션"
last_modified_at: 2020-09-26T00:11:02-05:00
categories:
  - Database
tags:
  - Database
toc: true 
toc_label: "Table of Contents"
toc_icon: "cog"
toc_sticky: true 
author_profile: true 
read_time: false 
---
---
### 트랜잭션
---

우리가 DB와 테이블을 만들 때 마다 하드디스크에 저장이 된다  
작업을 마무리 짓거나, 다시 돌아가거나, 중지했던 작업을 진행하거나 등등  
{: .notice}

```
[root@ns2 ~]# ls -lh /usr/local/mysql/data/shopping_db/
합계 220K
-rw-rw----. 1 mysql mysql 1.3K  5월 26 20:41 customer.frm
-rw-rw----. 1 mysql mysql  96K  5월 26 20:41 customer.ibd
-rw-rw----. 1 mysql mysql   61  5월 26 20:41 db.opt
-rw-rw----. 1 mysql mysql 1.7K  5월 26 20:41 purchase.frm
-rw-rw----. 1 mysql mysql 112K  5월 26 22:35 purchase.ibd
[root@ns2 ~]#

[root@ns2 ~]# cat /usr/local/mysql/data/shopping_db/db.opt
default-character-set=utf8
default-collation=utf8_general_ci
```

```
MariaDB [shopping_db]> SET @A = "ABC";
MariaDB [shopping_db]> SELECT @A;
+------+
| @A   |
+------+
| ABC  |
+------+

MariaDB [shopping_db]> SHOW CREATE TABLE purchase \G
*************************** 1. row ***************************
       Table: purchase
Create Table: CREATE TABLE `purchase` (
  `pur_no` int(11) NOT NULL AUTO_INCREMENT,
  `cust_id` char(10) NOT NULL,
  `pur_date` date DEFAULT NULL,
  `pur_prod` varchar(40) DEFAULT NULL,
  `pur_pri` int(11) DEFAULT NULL,
  PRIMARY KEY (`pur_no`),
  KEY `cust_id` (`cust_id`),
  CONSTRAINT `purchase_ibfk_1` FOREIGN KEY (`cust_id`) REFERENCES `customer` (`cust_id`) ON DELETE CASCADE ON UPDATE CASCADE
) ENGINE=InnoDB AUTO_INCREMENT=29 DEFAULT CHARSET=utf8
```
제약 조건을 지워봐라
{: .notice}
```
MariaDB [shopping_db]> ALTER TABLE purchase DROP CONSTRAINT purchase_ibfk_1;
Query OK, 0 rows affected (0.015 sec)
Records: 0  Duplicates: 0  Warnings: 0
```
제약 조건 추가 
{: .notice}
```
MariaDB [shopping_db]> ALTER TABLE purchase
    -> ADD FOREIGN KEY (cust_id) REFERENCES customer (cust_id);
Query OK, 28 rows affected (0.064 sec)
Records: 28  Duplicates: 0  Warnings: 0
```
```
MariaDB [shopping_db]> SELECT * FROM purchase WHERE cust_id = "hong";
+--------+---------+------------+-----------+---------+
| pur_no | cust_id | pur_date   | pur_prod  | pur_pri |
+--------+---------+------------+-----------+---------+
|      1 | hong    | 2017-01-12 | TV        | 1000000 |
|      6 | hong    | 2017-02-20 | 냉장고    |  800000 |
|     11 | hong    | 2017-03-20 | 게임기    |  300000 |
|     24 | hong    | 2017-06-15 | 컴퓨터    |  800000 |
|     25 | hong    | 2017-06-16 | 프린터    |  200000 |
+--------+---------+------------+-----------+---------+
5 rows in set (0.001 sec)

MariaDB [shopping_db]> SELECT * FROM customer WHERE cust_id = "hong";
+---------+-----------+----------+-----------+
| cust_id | cust_name | cust_age | cust_addr |
+---------+-----------+----------+-----------+
| hong    | 홍길동    |       22 | 경기      |
+---------+-----------+----------+-----------+
MariaDB [shopping_db]> DELETE FROM customer WHERE cust_id = "hong";
ERROR 1451 (23000): Cannot delete or update a parent row: a foreign key constraint fails (`shopping_db`.`purchase`, CONSTRAINT `purchase_ibfk_1` FOREIGN KEY (`cust_id`) REFERENCES `customer` (`cust_id`))
MariaDB [shopping_db]>
```

제약 조건에 걸려서(무결성) 제거를 할 수 없다   
Purchase에 hong이 구매한 내역이 다 지워져야 customer도 지워질 수 있다   
{: .notice}

트랜잭션을 걸어서 원자성을 지켜야한다  
(작업이 다 완료되거나 하나라도 제대로 완료 안되면 취소)  
{: .notice}

두개의 창을 띄워두고   
트랜잭션 걸고 하나하나 지워보자  
{: .notice}

```
MariaDB [shopping_db]> START TRANSACTION;
MariaDB [shopping_db]> DELETE FROM purchase
    -> WHERE pur_no = 1;
Query OK, 1 row affected (0.000 sec)
MariaDB [shopping_db]> DELETE FROM purchase WHERE pur_no = 6;
Query OK, 1 row affected (0.000 sec)
```
작업하고 있는 창에서는 보이지만 다른 창에서는 보이지 않는다  
아직 commit 이 안된 상황이라서   
{: .notice}

MariaDB [shopping_db]> DELETE FROM purchase WHERE pur_no = 11;
Query OK, 1 row affected (0.000 sec)

MariaDB [shopping_db]> DELETE FROM purchase WHERE pur_no = 24;
Query OK, 1 row affected (0.000 sec)
```
세이브 포인트를 만들어 보자
{: .notice}

```
MariaDB [shopping_db]> savepoint A;
Query OK, 0 rows affected (0.000 sec)
```

25번을 지워야 하는데 26 27 28 을 실수로 지웠다고 가정하자
{: .notice}
```
MariaDB [shopping_db]> DELETE FROM purchase WHERE pur_no = 26;
Query OK, 1 row affected (0.000 sec)

MariaDB [shopping_db]> DELETE FROM purchase WHERE pur_no = 27;
Query OK, 1 row affected (0.000 sec)

MariaDB [shopping_db]> DELETE FROM purchase WHERE pur_no = 28;
Query OK, 1 row affected (0.000 sec)
```
이때 롤 백 기능을 사용 할 수 있다.
{: .notice}

```
MariaDB [shopping_db]> rollback to A;
Query OK, 0 rows affected (0.000 sec)
```
다시 제대로 지우고 또 다른 세이브 포인트를 만들자
{: .notice}

```
MariaDB [shopping_db]> DELETE FROM purchase WHERE pur_no = 25;
Query OK, 1 row affected (0.000 sec)

MariaDB [shopping_db]> savepoint B;
Query OK, 0 rows affected (0.000 sec)
```

그리고 나서 지우지 못하던 회원 정보를 지우자 ~
{: .notice}

```
MariaDB [shopping_db]> DELETE FROM customer WHERE cust_id = "hong";
Query OK, 1 row affected (0.000 sec)
```

정보가 모두 지워졌다 (작업하던 창에서는)
{: .notice}

```
MariaDB [shopping_db]> SELECT * FROM purchase WHERE cust_id = "hong";
Empty set (0.000 sec)

MariaDB [shopping_db]> DELETE FROM customer WHERE cust_id = "hong";
Query OK, 0 rows affected (0.000 sec)
```
하지만 아직 Commit 된 상태가 아니라서 다른 창에서는 안보인다
{: .notice}
```
MariaDB [shopping_db]> COMMIT;
```
하나의 논리적 작업을 한꺼번에 동작시킴
{: .notice}

회원을 추가해보자
{: .notice}

```
MariaDB [shopping_db]> INSERT INTO customer VALUES(
    -> 'song','송해은',28,'서울');
```
다른창에서을 엔터치면 멈춘다
{: .notice}
MariaDB [shopping_db]> INSERT INTO customer VALUES(
    -> 'song', '송해', 82, '경기'); 
```
그리고 위에 창에서 commit 하면 아래에서 duplicate 에러가 뜬다  
위에 창에서 rollback 하면 만들어 진다  
백업을 해두고 백업한 애들만 지워보자  
{: .notice}
```
MariaDB [shopping_db]> SHOW TABLES;
+-----------------------+
| Tables_in_shopping_db |
+-----------------------+
| customer              |
| purchase              |
+-----------------------+
2 rows in set (0.000 sec)
```
Purchase와 동일하게 테이블을 만든다 !
{: .notice}
```
MariaDB [shopping_db]> CREATE TABLE backup_purchase
    -> AS SELECT * FROM purchase;
Query OK, 28 rows affected (0.036 sec)
Records: 28  Duplicates: 0  Warnings: 0
```
형태는 똑같이 생성되나 제약 조건은 복사가 되지 않는다
{: .notice}
```
MariaDB [shopping_db]> EXPLAIN backup_purchase;
+----------+-------------+------+-----+---------+-------+
| Field    | Type        | Null | Key | Default | Extra |
+----------+-------------+------+-----+---------+-------+
| pur_no   | int(11)     | NO   |     | 0       |       |
| cust_id  | char(10)    | NO   |     | NULL    |       |
| pur_date | date        | YES  |     | NULL    |       |
| pur_prod | varchar(40) | YES  |     | NULL    |       |
| pur_pri  | int(11)     | YES  |     | NULL    |       |
+----------+-------------+------+-----+---------+-------+
```
아이디를 기준으로 그룹화 하고 몇 개인지 확인
{: .notice}
```
MariaDB [shopping_db]> SELECT cust_id, COUNT(cust_id) FROM purchase
    -> GROUP BY cust_id;
+---------+----------------+
| cust_id | COUNT(cust_id) |
+---------+----------------+
| choi    |              4 |
| dang    |              2 |
| hong    |              5 |
| john    |              2 |
| kang    |              3 |
| kim     |              2 |
| lee     |              3 |
| min     |              2 |
| ppuni   |              3 |
| ryu     |              2 |
+---------+----------------+
```
그룹화 하고 오름차순
{: .notice}
```
MariaDB [shopping_db]> SELECT cust_id, COUNT(cust_id) AS count FROM purchase GROUP BY cust_id ORDER BY count ASC;
+---------+-------+
| cust_id | count |
+---------+-------+
| min     |     2 |
| dang    |     2 |
| ryu     |     2 |
| john    |     2 |
| kim     |     2 |
| ppuni   |     3 |
| kang    |     3 |
| lee     |     3 |
| choi    |     4 |
| hong    |     5 |
+---------+-------+
10 rows in set (0.000 sec)

MariaDB [shopping_db]> SELECT * FROM purchase WHERE cust_id = "kim";
+--------+---------+------------+-----------+---------+
| pur_no | cust_id | pur_date   | pur_prod  | pur_pri |
+--------+---------+------------+-----------+---------+
|     27 | kim     | 2017-06-20 | 냉장고    |  800000 |
|     28 | kim     | 2017-06-25 | TV        | 1000000 |
+--------+---------+------------+-----------+---------+

MariaDB [shopping_db]> SHOW TABLES;
+-----------------------+
| Tables_in_shopping_db |
+-----------------------+
| customer              |
| purchase              |
+-----------------------+
2 rows in set (0.000 sec)

MariaDB [shopping_db]> CREATE TABLE backup_purchase
    -> AS SELECT * FROM purchase;
Query OK, 28 rows affected (0.036 sec)
Records: 28  Duplicates: 0  Warnings: 0

MariaDB [shopping_db]> TRUNCATE backup_purchase;
Query OK, 0 rows affected (0.029 sec)

MariaDB [shopping_db]> SELECT * FROM backup_purchase;
Empty set (0.000 sec)
```

테이블의 뼈대만 남겨 놓는다  
그리고 트랜잭션을 시작하자  
{: .notice}

```
MariaDB [shopping_db]> START TRANSACTION;
Query OK, 0 rows affected (0.000 sec)
MariaDB [shopping_db]> SELECT * FROM purchase WHERE cust_id = "kim";
+--------+---------+------------+-----------+---------+
| pur_no | cust_id | pur_date   | pur_prod  | pur_pri |
+--------+---------+------------+-----------+---------+
|     27 | kim     | 2017-06-20 | 냉장고    |  800000 |
|     28 | kim     | 2017-06-25 | TV        | 1000000 |
+--------+---------+------------+-----------+---------+
2 rows in set (0.000 sec)

MariaDB [shopping_db]> INSERT INTO backup_purchase VALUES( 27,'kim','2017-06-20','냉장고',800000);
Query OK, 1 row affected (0.000 sec)

MariaDB [shopping_db]> INSERT INTO backup_purchase VALUES( 27,'kim','2017-06-25','TV',1000000);
Query OK, 1 row affected (0.000 sec)
세이브 포인트
MariaDB [shopping_db]> SAVEPOINT A;
Query OK, 0 rows affected (0.000 sec)

MariaDB [shopping_db]> DELETE FROM purchase WHERE cust_id = "kim";
Query OK, 2 rows affected (0.000 sec)

MariaDB [shopping_db]> SAVEPOINT B;
Query OK, 0 rows affected (0.000 sec)
```

다른창에는 트랜잭션을 시작하기 이전의 상태 유지
{: .notice}

```
MariaDB [shopping_db]> DELETE FROM customer WHERE cust_id = "kim";
Query OK, 1 row affected (0.000 sec)

MariaDB [shopping_db]> COMMIT ;
Query OK, 0 rows affected (0.012 sec)
```