---
title: "Database: 날짜검색, 평균검색, 권한부여"
last_modified_at: 2020-09-26T00:11:02-05:00
categories:
  - Database
tags:
  - Database
toc: true 
toc_label: "Table of Contents"
toc_icon: "cog"
toc_sticky: true 
author_profile: true 
read_time: false 
---
---
### Shopping Table 날짜검색
---
```
wget ftp://192.168.0.5/sql/shopping_db.sql --quiet
mysql -u root -pP@ssw0rd < shopping_db.sql    //표준 입력의 방향전환 
```
```
mysqladmin -u root -h localhost password '1234'
mysql -u root -h localhost -p1234
```
```
MariaDB [(none)]> SHOW DATABASES;
+--------------------+
| Database           |
+--------------------+
| information_schema |
| mysql              |
| performance_schema |
| shopping_db        |
| test               |
+--------------------+
5 rows in set (0.000 sec)

MariaDB [(none)]>

MariaDB [(none)]> USE shopping_db;
Reading table information for completion of table and column names
You can turn off this feature to get a quicker startup with -A
Database changed

MariaDB [shopping_db]> SHOW TABLES;
+-----------------------+
| Tables_in_shopping_db |
+-----------------------+
| customer              |
| purchase              |
+-----------------------+
```

```
#1월달부터 2월달 까지의 매출 정보를 출력해봐라 
MariaDB [shopping_db]> SELECT * FROM purchase 
WHERE pur_date>=20170101 AND pur_date<20170230;
MariaDB [shopping_db]> SELECT * FROM purchase WHERE pur_date>=20170101 AND pur_date<20170301;
MariaDB [shopping_db]> SELECT * FROM purchase WHERE pur_date BETWEEN '2017-01-01' AND '2017-02-30';
MariaDB [shopping_db]> SELECT * FROM purchase WHERE pur_date BETWEEN 20170101 AND 20170230;

+--------+---------+------------+-----------+---------+
| pur_no | cust_id | pur_date   | pur_prod  | pur_pri |
+--------+---------+------------+-----------+---------+
|      1 | hong    | 2017-01-10 | TV        | 1000000 |
|      2 | dang    | 2017-01-18 | 냉장고    |  800000 |
|      3 | ppuni   | 2017-01-30 | TV        | 1000000 |
|      4 | ppuni   | 2017-02-10 | 세탁기    |  500000 |
|      5 | john    | 2017-02-15 | 게임기    |  300000 |
|      6 | hong    | 2017-02-20 | 냉장고    |  800000 |
|      7 | john    | 2017-02-25 | 세탁기    |  500000 |
+--------+---------+------------+-----------+---------+
7 rows in set (0.000 sec)
```
```
비연속 적인 레코드 검색시 (날짜)
MONTH 가 있다
SELECT MONTH(‘2017-03-01’);
SELECT YEAR(‘2017-03-01’);
SELECT DAY(‘2017-03-01’);
```

```
MariaDB [shopping_db]> SELECT * FROM purchase
    -> WHERE MONTH(pur_date)=1 OR MONTH(pur_date) = 2;

MariaDB [shopping_db]> SELECT * FROM purchase
    -> WHERE MONTH(pur_date) IN (1,2);
+--------+---------+------------+-----------+---------+
| pur_no | cust_id | pur_date   | pur_prod  | pur_pri |
+--------+---------+------------+-----------+---------+
|      1 | hong    | 2017-01-10 | TV        | 1000000 |
|      2 | dang    | 2017-01-18 | 냉장고    |  800000 |
|      3 | ppuni   | 2017-01-30 | TV        | 1000000 |
|      4 | ppuni   | 2017-02-10 | 세탁기    |  500000 |
|      5 | john    | 2017-02-15 | 게임기    |  300000 |
|      6 | hong    | 2017-02-20 | 냉장고    |  800000 |
|      7 | john    | 2017-02-25 | 세탁기    |  500000 |
+--------+---------+------------+-----------+---------+
7 rows in set (0.000 sec)
```

```
MariaDB [shopping_db]> SELECT * FROM purchase
    -> WHERE MONTH(pur_date)=1 OR MONTH(pur_date) = 2;

MariaDB [shopping_db]> SELECT * FROM purchase
    -> WHERE MONTH(pur_date) IN (1,2);
+--------+---------+------------+-----------+---------+
| pur_no | cust_id | pur_date   | pur_prod  | pur_pri |
+--------+---------+------------+-----------+---------+
|      1 | hong    | 2017-01-10 | TV        | 1000000 |
|      2 | dang    | 2017-01-18 | 냉장고    |  800000 |
|      3 | ppuni   | 2017-01-30 | TV        | 1000000 |
|      4 | ppuni   | 2017-02-10 | 세탁기    |  500000 |
|      5 | john    | 2017-02-15 | 게임기    |  300000 |
|      6 | hong    | 2017-02-20 | 냉장고    |  800000 |
|      7 | john    | 2017-02-25 | 세탁기    |  500000 |
+--------+---------+------------+-----------+---------+
7 rows in set (0.000 sec)
```
---
### School Table 평균 출력
---
```
[root@ns2 ~]# wget ftp://192.168.0.5/sql/school.sql --quiet
[root@ns2 ~]# mysql -u root -p1234 < school.sql
[root@ns2 ~]# fg
mysql -u root -h localhost -p1234

MariaDB [shopping_db]>
MariaDB [shopping_db]> SHOW DATABASES;
+--------------------+
| Database           |
+--------------------+
| information_schema |
| mysql              |
| performance_schema |
| school             |
| shopping_db        |
| test               |
+--------------------+
6 rows in set (0.000 sec)
MariaDB [shopping_db]> USE school;
Reading table information for completion of table and column names
You can turn off this feature to get a quicker startup with -A

Database changed
MariaDB [school]> SHOW TABLES;
+------------------+
| Tables_in_school |
+------------------+
| scores           |
| students         |
+------------------+
2 rows in set (0.000 sec)


MariaDB [school]> SELECT * FROM scores;
+--------+------+------+------+
| id     | kor  | eng  | math |
+--------+------+------+------+
| baji   |   88 |   92 |   84 |
| black  |   92 |   89 |   90 |
| booki  |   78 |   82 |   74 |
| brown  |   80 |   90 |   84 |
| dang   |   95 |   80 |   80 |
| hong   |   95 |   80 |   85 |
| john   |   68 |   65 |   70 |
| maru   |   70 |   70 |   75 |
| mera   |   65 |   68 |   78 |
| ppuni  |   72 |   82 |   85 |
| sugun  |   50 |   45 |   58 |
| white  |   58 |   52 |   64 |
| yellow |   44 |   48 |   52 |
+--------+------+------+------+
13 rows in set (0.000 sec)


MariaDB [school]> SELECT * FROM students;
+--------+-----------+-------+-----------+
| id     | name      | class | address   |
+--------+-----------+-------+-----------+
| baji   | 흰바지    | A     | 삼성동    |
| black  | 까만애    | B     | 청담동    |
| booki  | 책보기    | B     | 개포동    |
| brown  | 가알색    | A     | 삼성동    |
| dang   | 당탕이    | A     | 개포동    |
| hong   | 홍길동    | A     | 개포동    |
| john   | 존밴이    | B     | 삼성동    |
| maru   | 손마루    | A     | 청담동    |
| mera   | 카메라    | B     | 청담동    |
| ppuni  | 이뿌니    | B     | 청담동    |
| sugun  | 손수건    | A     | 개포동    |
| white  | 흰둥이    | A     | 개포동    |
| yellow | 노랑이    | B     | 청담동    |
+--------+-----------+-------+-----------+
13 rows in set (0.000 sec)
```
평균점수 출력하자 
{: .notice}
```
MariaDB [school]> SELECT AVG(kor) FROM scores;
+----------+
| AVG(kor) |
+----------+
|  73.4615 |
+----------+
1 row in set (0.000 sec)


MariaDB [school]> SELECT (kor+eng+math)/3 AS avg FROM scores;
+---------+
| avg     |
+---------+
| 88.0000 |
| 90.3333 |
| 78.0000 |
| 84.6667 |
| 85.0000 |
| 86.6667 |
| 67.6667 |
| 71.6667 |
| 70.3333 |
| 79.6667 |
| 51.0000 |
| 58.0000 |
| 48.0000 |
+---------+
13 rows in set (0.000 sec)
```

---
### LIMIT 옵션
---

LIMIT 옵션을 사용 하여 원하는 수량만 큼만 출력하자
{: .notice}

```
MariaDB [school]> SELECT (kor+eng+math)/3 AS avg
    -> FROM scores ORDER BY avg ASC LIMIT 5;
+---------+
| avg     |
+---------+
| 48.0000 |
| 51.0000 |
| 58.0000 |
| 67.6667 |
| 70.3333 |
+---------+
5 rows in set (0.000 sec)

MariaDB [school]> SELECT (kor+eng+math)/3 AS avg FROM scores ORDER BY avg DESC LIMIT 5;
+---------+
| avg     |
+---------+
| 90.3333 |
| 88.0000 |
| 86.6667 |
| 85.0000 |
| 84.6667 |
+---------+
5 rows in set (0.000 sec)
```

가장 최근의 날짜를 구하는 방법도 있다
{: .notice}

```
MariaDB [school]> use shopping_db;
MariaDB [shopping_db]> SELECT * FROM purchase;
MariaDB [shopping_db]> SELECT MAX(pur_date) FROM purchase;
+---------------+
| MAX(pur_date) |
+---------------+
| 2017-06-25    |
+---------------+
1 row in set (0.000 sec)
```

서브 쿼리를 이용한다
{: .notice}

```
MariaDB [shopping_db]> SELECT * FROM purchase WHERE pur_date = (SELECT MAX(pur_date) FROM purchase);
+--------+---------+------------+----------+---------+
| pur_no | cust_id | pur_date   | pur_prod | pur_pri |
+--------+---------+------------+----------+---------+
|     28 | kim     | 2017-06-25 | TV       | 1000000 |
+--------+---------+------------+----------+---------+
1 row in set (0.000 sec)
```

UPDATE 와 SET을 활용한다.  
UPDATE salaries SET salary = 1100000  
WHERE emp_no=1001 and from_date = ‘2014-07-01’;  
DELETE FROM salaries WHERE emp_no=1001;  
외래키 계약 조건 때문에 오류가 걸릴 수 도 있다.  
{: .notice}

---
### GRANT 옵션
---

DCL (Data Control Language) : 사용자 권한과 트랜젝션 제어를 한다  
GRANT, REVOKE 데이터베이스 권한 부여, 권한 회수  
COMMIT, ROLLBACK, CHECKPOINT 트랜잭션 확정, 취소, 복구 지점 설정  
{: .notice}

```
GRANT 권한1, 권한2, …  ON *.*  (객체명이 들어간다)
GRANT 권한1, 권한2, … ON DB.*
GRANT 권한1, 권한2, … ON DB.TABLE
GRANT 권한1, 권한2, … ON DB.TABLE.COLUMN
```

접근 통제 정책에 따른 유형   
DAC: 소유주가 임의로 줬다 회수하는것  
MAC: 시스템에서 레벨을 주고 레벨이 낮으면 접근 불가  
DB에서는 DAC 방식을 채택했고 특히 접근 통제를 용도로 사용하는 언어가 DCL 인것이다  
{: .notice}

```
MariaDB [(none)]> use information_schema
MariaDB [information_schema]> SHOW TABLES;
테이블이 엄청 많다
MariaDB [information_schema]> SHOW TABLES;
MariaDB [information_schema]> CREATE USER 'user1'@'localhost'
    -> IDENTIFIED BY '123';
Query OK, 0 rows affected (0.013 sec)

MariaDB [information_schema]>

MariaDB [information_schema]> SHOW GRANTS FOR 'user1'@'localhost';
+--------------------------------------------------------------------------------------------------------------+
| Grants for user1@localhost                                                                                   |
+--------------------------------------------------------------------------------------------------------------+
| GRANT USAGE ON *.* TO `user1`@`localhost` IDENTIFIED BY PASSWORD '*23AE809DDACAF96AF0FD78ED04B6A265E05AA257' |
+--------------------------------------------------------------------------------------------------------------+
1 row in set (0.000 sec)
```

다른 창에서 로그인 해보자
{: .notice}

```
[root@ns2 ~]# mysql -u user1 -p123  
MariaDB [(none)]> SHOW DATABASES;
+--------------------+
| Database           |
+--------------------+
| information_schema |
| test               |
+--------------------+
2 rows in set (0.001 sec)
```

USEAGE 권한만 있기 때문에 다른 DB가 보이지 않는다
{: .notice}

```
MariaDB [information_schema]> CREATE USER 'user2'@'localhost' IDENTIFIED BY '123';
Query OK, 0 rows affected (0.010 sec)

MariaDB [information_schema]> GRANT ALL PRIVILEGES ON *.*
    -> TO 'user1'@'localhost'
    -> WITH GRANT OPTION;
MariaDB [information_schema]> GRANT ALL PRIVILEGES ON *.* TO 'user2'@'localhost';

MariaDB [information_schema]> SHOW GRANTS FOR 'user1'@'localhost';
+-----------------------------------------------------------------------------------------------------------------------------------------+
| Grants for user1@localhost                                                                                                              |
+-----------------------------------------------------------------------------------------------------------------------------------------+
| GRANT ALL PRIVILEGES ON *.* TO `user1`@`localhost` IDENTIFIED BY PASSWORD '*23AE809DDACAF96AF0FD78ED04B6A265E05AA257' WITH GRANT OPTION |
+-----------------------------------------------------------------------------------------------------------------------------------------+
1 row in set (0.000 sec)
```

User1은 모든 권한을 가지고 GRANT 할 수 있는 권한을 가진다
{: .notice}

```
MariaDB [information_schema]> SHOW GRANTS FOR 'user2'@'localhost';
+-----------------------------------------------------------------------------------------------------------------------+
| Grants for user2@localhost                                                                                            |
+-----------------------------------------------------------------------------------------------------------------------+
| GRANT ALL PRIVILEGES ON *.* TO `user2`@`localhost` IDENTIFIED BY PASSWORD '*23AE809DDACAF96AF0FD78ED04B6A265E05AA257' |
+-----------------------------------------------------------------------------------------------------------------------+
1 row in set (0.000 sec)
```

User2는 WITH GRANT OPTION이 제외 되었다	
{: .notice}

```
MariaDB [information_schema]> EXPLAIN USER_PRIVILEGES;
+----------------+--------------+------+-----+---------+-------+
| Field          | Type         | Null | Key | Default | Extra |
+----------------+--------------+------+-----+---------+-------+
| GRANTEE        | varchar(190) | NO   |     |         |       |
| TABLE_CATALOG  | varchar(512) | NO   |     |         |       |
| PRIVILEGE_TYPE | varchar(64)  | NO   |     |         |       |
| IS_GRANTABLE   | varchar(3)   | NO   |     |         |       |
+----------------+--------------+------+-----+---------+-------+
4 rows in set (0.001 sec)

MariaDB [information_schema]> SELECT GRANTEE FROM USER_PRIVILEGES;
+---------------------------+-------------------------+
| GRANTEE                   | PRIVILEGE_TYPE          |
+---------------------------+-------------------------+
| ''@'ns2.kjy.co.ki'        | USAGE                   |
| ''@'localhost'            | USAGE                   |
| 'mariadb.sys'@'localhost' | USAGE                   |
| 'mysql'@'localhost'       | SELECT                  |
| 'mysql'@'localhost'       | INSERT                  |
| 'mysql'@'localhost'       | UPDATE                  |
| 'mysql'@'localhost'       | DELETE                  |
| 'mysql'@'localhost'       | CREATE                  |
 . . . .  등등 시스템 명령어에 대한 권한들이 한줄 한줄 들어감 
```

User2에 대한 권한을 빼앗고 다시 주자 
{: .notice}

```
MariaDB [information_schema]> REVOKE ALL PRIVILEGES ON *.* FROM 'user2'@'localhost';
Query OK, 0 rows affected (0.010 sec)
MariaDB [information_schema]> SELECT GRANTEE, PRIVILEGE_TYPE FROM USER_PRIVILEGES WHERE GRANTEE = "'user2'@'localhost'";
+---------------------+----------------+
| GRANTEE             | PRIVILEGE_TYPE |
+---------------------+----------------+
| 'user2'@'localhost' | USAGE          |
+---------------------+----------------+
```

계정에 특정 권한을 하나하나 주고 삭제 해보자
{: .notice}

```
MariaDB [information_schema]> GRANT CREATE, DROP ON *.* TO 'user2'@'localhost';
MariaDB [information_schema]> SELECT GRANTEE, PRIVILEGE_TYPE FROM USER_PRIVILEGES WHERE GRANTEE = "'user2'@'localhost'";
+---------------------+----------------+
| GRANTEE             | PRIVILEGE_TYPE |
+---------------------+----------------+
| 'user2'@'localhost' | CREATE         |
| 'user2'@'localhost' | DROP           |
+---------------------+----------------+
```
ON *.* 모든 DB 모든 테이블에 대하여 ~  
ON school.* school DB의 모든 테이블에 대하여 ~  
{: .notice}

```
MariaDB [information_schema]> GRANT INSERT, UPDATE, DELETE, SELECT
    -> ON school.*
    -> TO 'user1'@'localhost';
MariaDB [information_schema]> GRANT SELECT ON school.* TO 'user2'@'localhost';

MariaDB [information_schema]> SHOW GRANTS FOR 'user1'@'localhost' \G
*************************** 1. row ***************************
Grants for user1@localhost: GRANT ALL PRIVILEGES ON *.* TO `user1`@`localhost` IDENTIFIED BY PASSWORD '*23AE809DDACAF96AF0FD78ED04B6A265E05AA257' WITH GRANT OPTION
*************************** 2. row ***************************
Grants for user1@localhost: GRANT SELECT, INSERT, UPDATE, DELETE ON `school`.* TO `user1`@`localhost`
```

테이블 PRIVILEGE , 스키마 PRIVILEGE, 컬럼 PRIVILEGE 가 있는데  
GRANT SELECT ON school.* TO 'user2'@'localhost'; 는 DB에 대해 권한을 준거라서  
스키마 프리빌리지를 확인해야한다   
{: .notice}

```
GRANT …  On *.*
	Information_schema, user_privileges
GRANT … ON DB.*
	Information_schema.schema_privileges
GRANT … ON DB.TABLE
	Information_schema.table_privileges
GRANT … ON DB.TABLE.COLUMN
	Information_schema.column_privileges
```
```
MariaDB [information_schema]> SHOW GRANTS FOR 'user1'@'localhost' \g
+-----------------------------------------------------------------------------------------------------------------------------------------+
| Grants for user1@localhost                                                                                                              |
+-----------------------------------------------------------------------------------------------------------------------------------------+
| GRANT ALL PRIVILEGES ON *.* TO `user1`@`localhost` IDENTIFIED BY PASSWORD '*23AE809DDACAF96AF0FD78ED04B6A265E05AA257' WITH GRANT OPTION |
| GRANT SELECT, INSERT, UPDATE, DELETE ON `school`.* TO `user1`@`localhost`                                                               |
+-----------------------------------------------------------------------------------------------------------------------------------------+

MariaDB [information_schema]> REVOKE ALL ON *.* FROM 'user1'@'localhost';
Query OK, 0 rows affected (0.010 sec)

MariaDB [information_schema]> REVOKE ALL ON school.* FROM 'user1'@'localhost';
Query OK, 0 rows affected (0.010 sec)

MariaDB [information_schema]> SHOW GRANTS FOR 'user1'@'localhost' \G
*************************** 1. row ***************************
Grants for user1@localhost: GRANT USAGE ON *.* TO `user1`@`localhost` IDENTIFIED BY PASSWORD '*23AE809DDACAF96AF0FD78ED04B6A265E05AA257' WITH GRANT OPTION
```
```
MariaDB [information_schema]> SHOW GRANTS FOR 'user2'@'localhost' \G
*************************** 1. row ***************************
Grants for user2@localhost: GRANT CREATE, DROP ON *.* TO `user2`@`localhost` IDENTIFIED BY PASSWORD '*23AE809DDACAF96AF0FD78ED04B6A265E05AA257'
*************************** 2. row ***************************
Grants for user2@localhost: GRANT SELECT ON `school`.* TO `user2`@`localhost`
2 rows in set (0.000 sec)

MariaDB [information_schema]> REVOKE CREATE, DROP ON *.* FROM 'user2'@'localhost';
Query OK, 0 rows affected (0.010 sec)

MariaDB [information_schema]> REVOKE SELECT ON school.* FROM 'user2'@'localhost';
Query OK, 0 rows affected (0.010 sec)

MariaDB [information_schema]> SHOW GRANTS FOR 'user2'@'localhost' \G            *************************** 1. row ***************************
Grants for user2@localhost: GRANT USAGE ON *.* TO `user2`@`localhost` IDENTIFIED BY PASSWORD '*23AE809DDACAF96AF0FD78ED04B6A265E05AA257'
1 row in set (0.000 sec)
```

User1 권한 부여
{: .notice}
```
MariaDB [information_schema]> GRANT INSERT, UPDATE, DELETE, SELECT ON shopping_db.customer TO 'user1'@'localhost';
Query OK, 0 rows affected (0.010 sec)
MariaDB [information_schema]> GRANT INSERT, UPDATE, DELETE, SELECT ON shopping_db.purchase TO 'user1'@'localhost';
Query OK, 0 rows affected (0.010 sec)
```
User2 권한 부여
{: .notice}
```
MariaDB [information_schema]> GRANT SELECT ON shopping_db.customer TO 'user2'@'localhost';
Query OK, 0 rows affected (0.010 sec)
MariaDB [information_schema]> GRANT SELECT ON shopping_db.purchase TO 'user2'@'localhost';
Query OK, 0 rows affected (0.009 sec)
```

```
MariaDB [information_schema]> SELECT GRANTEE, PRIVILEGE_TYPE FROM TABLE_PRIVILEGES WHERE GRANTEE = "'user2'@'localhost'";
+---------------------+----------------+
| GRANTEE             | PRIVILEGE_TYPE |
+---------------------+----------------+
| 'user2'@'localhost' | SELECT         |
| 'user2'@'localhost' | SELECT         |
+---------------------+----------------+
2 rows in set (0.000 sec)
```
테이블 확인하고 필요한 정보들을 모두 출력해보자
{: .notice}
```
MariaDB [information_schema]> EXPLAIN TABLE_PRIVILEGES;
+----------------+--------------+------+-----+---------+-------+
| Field          | Type         | Null | Key | Default | Extra |
+----------------+--------------+------+-----+---------+-------+
| GRANTEE        | varchar(190) | NO   |     |         |       |
| TABLE_CATALOG  | varchar(512) | NO   |     |         |       |
| TABLE_SCHEMA   | varchar(64)  | NO   |     |         |       |
| TABLE_NAME     | varchar(64)  | NO   |     |         |       |
| PRIVILEGE_TYPE | varchar(64)  | NO   |     |         |       |
| IS_GRANTABLE   | varchar(3)   | NO   |     |         |       |
+----------------+--------------+------+-----+---------+-------+
6 rows in set (0.001 sec)
```
4가지 Column 들을 출력해보자
{: .notice}
```
MariaDB [information_schema]> SELECT GRANTEE, TABLE_SCHEMA, TABLE_NAME, PRIVILEGE_TYPE FROM TABLE_PRIVILEGES WHERE GRANTEE = "'user2'@'localhost'";
+---------------------+--------------+------------+----------------+
| GRANTEE             | TABLE_SCHEMA | TABLE_NAME | PRIVILEGE_TYPE |
+---------------------+--------------+------------+----------------+
| 'user2'@'localhost' | shopping_db  | customer   | SELECT         |
| 'user2'@'localhost' | shopping_db  | purchase   | SELECT         |
+---------------------+--------------+------------+----------------+
2 rows in set (0.000 sec)

MariaDB [information_schema]> SELECT GRANTEE, TABLE_SCHEMA, TABLE_NAME, PRIVILEGE_TYPE FROM TABLE_PRIVILEGES WHERE GRANTEE = "'user1'@'localhost'";
+---------------------+--------------+------------+----------------+
| GRANTEE             | TABLE_SCHEMA | TABLE_NAME | PRIVILEGE_TYPE |
+---------------------+--------------+------------+----------------+
| 'user1'@'localhost' | shopping_db  | customer   | SELECT         |
| 'user1'@'localhost' | shopping_db  | customer   | INSERT         |
| 'user1'@'localhost' | shopping_db  | customer   | UPDATE         |
| 'user1'@'localhost' | shopping_db  | customer   | DELETE         |
| 'user1'@'localhost' | shopping_db  | purchase   | SELECT         |
| 'user1'@'localhost' | shopping_db  | purchase   | INSERT         |
| 'user1'@'localhost' | shopping_db  | purchase   | UPDATE         |
| 'user1'@'localhost' | shopping_db  | purchase   | DELETE         |
+---------------------+--------------+------------+----------------+

MariaDB [information_schema]> GRANT UPDATE ON shopping_db.purchase
    -> TO 'user2'@'localhost';
Query OK, 0 rows affected (0.010 sec)

MariaDB [information_schema]> SELECT GRANTEE, TABLE_SCHEMA, TABLE_NAME, PRIVILEGE_TYPE FROM TABLE_PRIVILEGES WHERE GRANTEE = "'user2'@'localhost'";
+---------------------+--------------+------------+----------------+
| GRANTEE             | TABLE_SCHEMA | TABLE_NAME | PRIVILEGE_TYPE |
+---------------------+--------------+------------+----------------+
| 'user2'@'localhost' | shopping_db  | customer   | SELECT         |
| 'user2'@'localhost' | shopping_db  | purchase   | SELECT         |
| 'user2'@'localhost' | shopping_db  | purchase   | UPDATE         |
+---------------------+--------------+------------+----------------+
3 rows in set (0.000 sec)
```

User2로 접속해서
{: .notice}

```
MariaDB [(none)]> SHOW DATABASES;
+--------------------+
| Database           |
+--------------------+
| information_schema |
| shopping_db        |
| test               |
+--------------------+
```

School 테이블에 관한 권한이 없어서 보이지 않음
{: .notice}

```
MariaDB [shopping_db]> SELECT * FROM customer;
+---------+-----------+----------+-----------+
| cust_id | cust_name | cust_age | cust_addr |
+---------+-----------+----------+-----------+
| choi    | 최시원    |       26 | 경기      |
| dang    | 당탕이    |       23 | 충북      |
| hong    | 홍길동    |       22 | 경기      |
……
```
```
MariaDB [shopping_db]> SELECT * FROM purchase;
+--------+---------+------------+-----------+---------+
| pur_no | cust_id | pur_date   | pur_prod  | pur_pri |
+--------+---------+------------+-----------+---------+
|      1 | hong    | 2017-01-10 | TV        | 1000000 |
|      2 | dang    | 2017-01-18 | 냉장고    |  800000 |
|      3 | ppuni   | 2017-01-30 | TV        | 1000000 |
………………
```
```
MariaDB [shopping_db]> UPDATE customer SET cust_addr = "서울"
    -> WHERE cust_id = "choi"
    -> ;
ERROR 1142 (42000): UPDATE command denied to user 'user2'@'localhost' for table 'customer'
MariaDB [shopping_db]>
```
권한이 없으니 업데이트 불가
{: .notice}
```
MariaDB [shopping_db]> UPDATE purchase SET pur_date = "2017-01-12"
    -> WHERE pur_no = 1;
Query OK, 1 row affected (0.012 sec)
Rows matched: 1  Changed: 1  Warnings: 0

MariaDB [shopping_db]> SELECT * FROM purchase;
+--------+---------+------------+-----------+---------+
| pur_no | cust_id | pur_date   | pur_prod  | pur_pri |
+--------+---------+------------+-----------+---------+
|      1 | hong    | 2017-01-12 | TV        | 1000000 |
|      2 | dang    | 2017-01-18 | 냉장고    |  800000 |
….
```
수정됨
{: .notice}